# {"t_start": 1574930205.0712144, "env_id": "Walker2d-v2"} 
r,l,t
-0.855895,22,1.782312
1.224861,14,1.804273
-1.579218,17,1.830662
1.749598,15,1.853796
-1.668513,15,1.876986
3.135062,31,1.92394
-0.428675,8,1.936018
-1.963698,10,1.951083
-1.821724,10,1.966071
-5.066943,12,1.98416
6.306494,26,2.02273
-3.53983,14,2.043252
-6.408819,22,2.075755
-5.032552,21,2.106609
-0.008496,12,2.124309
-3.37571,8,2.13618
-2.222434,24,2.170847
-4.711456,24,2.205523
-5.756572,26,2.243388
3.89319,26,2.281094
-3.800248,16,2.30479
3.448445,31,2.350022
5.64185,16,2.373605
-7.375784,11,2.38994
-6.862799,21,2.420694
-5.22956,8,2.432617
-4.851744,15,2.454426
-1.945321,13,2.473559
-3.242722,8,2.485662
0.804022,12,2.503227
-11.512401,18,2.529481
-3.328957,10,2.544238
4.045583,19,2.571785
-4.30755,12,2.589587
5.27664,34,2.639136
9.83864,25,2.675505
-7.99894,14,2.696069
-4.923131,17,2.720782
-3.608911,12,2.738621
-6.722957,23,2.772281
-1.275874,10,2.787116
-5.195047,18,2.813864
-11.192737,14,2.834179
-2.041859,10,2.848997
0.042071,30,2.892431
-1.66521,10,2.907112
1.041362,13,2.926315
2.135095,20,2.955639
-6.318506,14,2.976255
-0.978349,11,2.992157
-4.340908,25,3.02846
-1.81012,18,3.054913
-6.337555,15,3.076557
-5.141794,15,3.098608
-2.147411,21,3.129405
1.353516,15,3.15146
0.351252,31,3.196714
-2.864933,11,3.213051
-3.26878,8,3.224998
-1.801043,14,3.245551
-1.071432,23,3.279453
-4.070898,17,3.304542
1.769352,14,3.324995
-3.259958,18,3.351443
-1.846026,13,3.370134
-2.737256,12,3.387438
-5.661592,20,3.415571
-2.643154,12,3.43273
-5.325281,18,3.458061
-7.50788,26,3.494902
-2.020766,20,3.52347
-3.339119,22,3.554628
-7.86773,20,3.582894
-3.518058,17,3.60702
-1.772927,12,3.623881
0.055649,14,3.643644
-3.862374,12,3.660695
-3.74606,11,3.676489
-6.739486,26,3.713104
3.992677,19,3.740001
2.93103,12,3.75691
0.227459,21,3.786693
-3.338011,9,3.799572
-4.01007,9,3.812427
-3.588436,22,3.84343
-6.316853,20,3.871914
-2.754173,11,3.887694
2.363312,14,3.907416
-0.108751,18,3.933107
-0.202204,12,3.950178
0.215913,13,3.968621
0.86758,18,3.994077
-3.231985,11,4.009672
-6.18735,23,4.042117
0.739336,13,4.060622
-5.474231,14,4.080366
-2.90387,19,4.107217
-5.190119,20,4.135593
-3.229321,14,4.155365
-5.510337,25,4.190624
-2.772813,17,4.214731
-2.287668,11,4.230545
-1.375466,9,4.243297
-3.482191,20,4.271605
-1.641879,8,4.282876
-0.579728,25,4.318189
3.997728,30,4.360308
-0.312121,14,4.380297
-5.520189,17,4.404339
-1.144713,9,4.416956
-9.47526,17,4.441032
-3.757992,23,4.473588
-3.03784,15,4.494872
-8.650844,20,4.522998
-1.629041,9,4.535732
-1.456177,20,4.564192
-2.599304,17,4.588216
0.940424,19,4.615169
-2.139146,15,4.636589
-0.706535,9,4.649241
-1.204486,9,4.662024
-1.16305,11,4.677376
-2.784223,23,4.709985
-9.140003,20,6.579045
-5.522779,25,6.615717
11.897881,41,6.675726
4.299074,28,6.716463
-2.18422,10,6.731208
6.726527,24,6.766217
-6.623194,13,6.78527
-5.930088,11,6.8016
-0.973237,14,6.822029
1.849222,23,6.855427
3.204035,19,6.883367
-5.343802,23,6.916834
-1.290075,19,6.944514
-3.573903,12,6.961862
-4.775103,13,6.980831
-5.186828,17,7.005769
-0.663867,12,7.023397
5.967804,21,7.053615
-6.678801,16,7.076864
7.650519,23,7.110576
-6.036152,24,7.145867
-0.541281,13,7.165079
-0.214123,12,7.182576
-3.053192,9,7.195996
1.17459,22,7.228199
3.028926,16,7.2516
8.064335,36,7.304195
-4.038145,25,7.340837
-4.73487,18,7.367171
-6.27442,18,7.393325
-3.501698,14,7.413924
2.796394,19,7.441941
-10.668896,18,7.468128
-2.065772,13,7.487308
-3.420424,18,7.513578
-2.352445,11,7.529828
-5.735838,18,7.556223
-2.69245,13,7.575442
-3.354317,22,7.607508
-0.883508,31,7.652586
-1.631699,21,7.683282
3.675928,20,7.712591
-8.811473,23,7.746169
-5.756615,18,7.772676
1.127169,15,7.794872
-6.526522,16,7.818638
5.199206,30,7.862879
-4.478635,9,7.876108
2.453444,21,7.906758
-0.967529,13,7.925835
-2.206495,15,7.947459
-1.454186,18,7.974008
-0.991955,10,7.988688
0.786872,14,8.009491
1.527735,19,8.037215
-0.882637,12,8.054744
-2.497887,28,8.095524
4.444471,27,8.135498
-6.10004,22,8.16753
1.285895,19,8.195408
-0.547872,12,8.213341
5.374491,22,8.244919
3.241841,14,8.264748
-2.119274,23,8.297299
9.919393,26,8.333955
1.010105,23,8.366549
-2.338288,17,8.390787
-7.649665,13,8.40926
1.421664,11,8.424894
-1.517616,16,8.447878
3.941002,25,8.48327
-4.269662,30,8.525656
0.178054,11,8.541388
-1.428185,25,8.57664
-0.108049,23,8.609077
-3.330605,19,8.636106
-6.664328,20,8.66449
-0.938875,10,8.67878
-2.893847,24,8.712923
-7.883271,35,8.762667
-5.648122,23,8.795126
-6.231918,29,8.836018
-0.347507,19,8.862851
-4.509563,44,8.92499
-3.655705,8,8.936381
-2.39017,12,8.953257
-8.495906,20,8.981585
-11.568102,16,9.004208
1.56668,17,9.028487
-0.857244,9,9.04113
2.060782,23,9.073817
-2.701889,21,9.103742
0.058368,21,9.13324
-8.669924,18,9.158767
1.229118,14,9.178533
-2.422394,21,9.208442
-5.65789,9,9.221357
3.400837,32,9.266496
-3.150645,22,9.297735
-2.185707,20,9.326173
-2.61295,19,9.353045
-1.738921,17,9.377061
5.701972,22,9.408163
-1.906687,12,9.425055
-5.763111,8,9.436388
-4.413091,20,9.464771
1.978506,18,9.490199
1.84759,21,11.350274
-1.297821,10,11.36519
-3.76005,26,11.403545
6.757082,21,11.434875
-7.667366,23,11.469024
-0.794744,9,11.482435
-2.902902,25,11.519077
0.4247,10,11.533922
1.256622,18,11.560479
-1.33712,34,11.610311
-5.174795,23,11.644317
1.038825,13,11.663793
-2.214686,7,11.674262
-2.055926,11,11.69052
-10.683809,21,11.721511
-0.657924,12,11.739124
-2.211653,15,11.761426
-1.724421,22,11.79406
-6.548739,17,11.818672
-2.97795,20,11.848126
-4.159457,17,11.87328
-5.70708,10,11.888129
4.726921,35,11.939173
0.014251,11,11.95557
-2.284922,18,11.982317
-0.407632,12,11.99998
-3.773924,14,12.020671
-9.777769,22,12.052871
-10.549644,27,12.092891
-1.777687,10,12.107964
-8.3634,24,12.143426
-4.044555,23,12.17739
1.027627,25,12.214083
4.670054,26,12.252551
1.250243,12,12.270412
5.042712,27,12.309768
-1.256301,8,12.32162
0.013043,13,12.340598
4.756025,16,12.364112
-3.722248,8,12.37607
1.173907,18,12.402637
-1.227689,19,12.430599
2.94791,21,12.461414
-8.343015,20,12.490758
4.234474,19,12.51835
10.685856,28,12.559349
-1.571093,19,12.587485
-0.250261,16,12.61108
-2.688547,10,12.625972
0.359105,15,12.648047
-2.185493,17,12.673359
0.024153,17,12.698274
9.34581,24,12.733542
-0.464603,17,12.75858
-6.224521,19,12.786536
4.025425,28,12.827724
4.927716,23,12.861432
-2.024803,10,12.876072
-0.189458,14,12.896873
10.842743,33,12.945415
-2.074322,30,12.989818
0.415897,17,13.014709
1.551337,22,13.047533
4.169326,30,13.091264
0.264093,10,13.106071
-5.407493,21,13.135992
-4.837544,25,13.171623
-1.139819,18,13.197092
-0.667,38,13.250876
1.992253,14,13.270747
-7.724736,19,13.297597
2.564834,35,13.347049
-6.933325,20,13.375216
-2.343393,10,13.38958
0.212923,12,13.406552
6.254405,26,13.443576
-5.071754,15,13.46475
-0.395059,12,13.481755
3.404937,23,13.514101
-1.855935,27,13.552244
-2.532656,26,13.589182
3.442617,25,13.624569
-1.808373,11,13.639957
-2.921246,19,13.666794
-0.446205,13,13.685277
3.249344,18,13.710634
-3.531268,25,13.746071
3.962138,38,13.799777
4.593366,13,13.818199
-1.181915,13,13.836784
-6.18424,19,13.863624
0.977116,15,13.885077
-1.392334,11,13.900749
2.652124,21,13.930537
-4.251216,8,13.941879
-4.887479,25,13.977474
-0.114492,22,14.008861
-4.288805,16,14.031834
-0.596451,10,14.046071
-1.674769,22,14.0775
-0.360051,11,14.093126
-2.228481,23,14.125716
6.791955,19,14.15271
3.701578,27,14.191107
-0.106139,13,14.209613
-4.419734,19,14.2367
1.487204,16,14.259617
2.444772,15,14.28103
2.449305,24,16.140548
0.309934,27,16.180559
3.935706,15,16.202881
4.995002,28,16.244248
-4.942945,21,16.275378
-1.089281,33,16.324301
1.892134,26,16.363014
-4.182378,22,16.395941
-0.177762,11,16.412243
-3.752195,21,16.44338
1.457963,26,16.482114
-1.268084,17,16.507062
-0.725894,9,16.520227
-2.286628,11,16.536291
18.895326,38,16.592361
-1.126566,27,16.631596
-3.907825,25,16.668716
-4.71077,11,16.685105
-3.074824,9,16.698555
-4.382872,20,16.727993
0.458999,21,16.758698
-0.69198,12,16.776287
2.300135,17,16.801547
-2.295326,11,16.817688
-0.705583,18,16.844404
-4.860006,12,16.862307
-0.193627,20,16.891404
-6.744609,18,16.917695
4.768406,21,16.948677
-1.018945,14,16.969538
3.857238,21,17.00042
3.990591,29,17.043011
6.633516,23,17.076991
-4.121075,24,17.112431
3.960005,33,17.161087
4.138669,22,17.193468
-1.716231,16,17.216851
-1.149861,11,17.233137
-6.339045,15,17.255065
0.189585,22,17.287404
0.459246,19,17.315412
-1.867447,9,17.328843
3.017776,34,17.378805
1.02477,19,17.40636
2.187778,12,17.424171
-5.252976,18,17.450746
-0.82118,16,17.474278
1.136225,25,17.511
-2.144359,17,17.53641
-5.010311,14,17.557005
6.296578,26,17.594761
-0.55797,15,17.617015
-0.943481,20,17.646766
-2.419234,14,17.667725
0.705195,11,17.684076
2.33892,15,17.706145
-0.994776,10,17.721228
-8.070828,23,17.754932
4.405888,23,17.788819
1.505577,16,17.812329
0.620563,28,17.853547
-3.345822,24,17.888766
-2.722717,16,17.912394
-0.548355,13,17.931739
-1.477415,18,17.958449
-3.392565,14,17.979421
6.43459,29,18.021402
-1.197975,12,18.038634
-0.495776,24,18.072957
-1.808318,13,18.091569
4.402551,22,18.123043
-2.067904,11,18.138954
1.296543,13,18.157563
3.294891,22,18.189079
-3.735886,24,18.223395
3.588389,21,18.253405
13.133761,28,18.293316
-2.368071,29,18.334676
-0.376056,19,18.361704
-3.765824,22,18.392957
-2.461429,26,18.430066
3.800345,21,18.460136
1.146357,23,18.493032
-2.636377,7,18.502975
-5.213635,16,18.525773
3.546951,17,18.54994
4.757027,22,18.581264
-2.93587,21,18.61112
-8.100388,16,18.633786
4.13124,15,18.655229
1.549515,18,18.68117
-2.36344,26,18.71837
-8.520072,24,18.752546
-1.48246,10,18.76687
-3.419994,19,18.794059
-3.253218,8,18.80541
2.499005,18,18.831135
-2.875001,10,18.845417
6.694263,20,18.873979
0.859725,14,18.893971
0.171011,13,18.912524
-3.477221,10,18.926749
-1.01261,28,18.966754
-5.473764,21,18.99664
-5.190073,15,19.018142
-3.436257,30,19.061067
-0.465923,16,19.083944
0.144986,11,19.099678
13.42886,40,20.980957
2.267428,26,21.018696
6.862547,21,21.049574
-0.647278,34,21.09968
0.519603,35,21.151182
-6.205154,18,21.177768
0.260387,18,21.204909
1.73509,19,21.233344
-2.209537,30,21.278173
2.260958,21,21.309288
-6.677204,25,21.346423
2.514992,16,21.37083
-2.568692,16,21.394388
0.092699,13,21.413795
1.623871,19,21.441821
-4.57448,20,21.471042
-0.35749,10,21.485611
2.751126,22,21.517944
-1.056393,26,21.556136
-0.747391,32,21.602219
-2.961638,45,21.667551
0.302667,23,21.701387
8.320409,25,21.738198
1.336753,14,21.758538
0.750233,20,21.787847
1.810148,25,21.824612
-4.600034,17,21.849743
-3.37655,10,21.864658
3.520849,14,21.88505
-2.776332,11,21.901226
-1.713055,35,21.952679
4.289297,23,21.986662
-3.311361,12,22.004346
7.587956,29,22.046692
1.246447,12,22.064553
8.564528,23,22.09817
-1.532162,14,22.118826
-3.294582,9,22.132345
2.168233,16,22.155561
-2.833979,27,22.19515
-4.455425,19,22.222783
-3.224621,12,22.240571
-2.506526,13,22.259729
-2.757875,12,22.277462
8.272941,34,22.327066
3.324438,18,22.353139
12.645364,45,22.419505
3.252774,15,22.441657
-0.434038,10,22.456482
7.383693,25,22.493177
8.959638,33,22.541374
1.874043,36,22.594208
-2.761598,20,22.623487
11.544486,26,22.661494
-0.868955,28,22.702122
-7.97626,14,22.722597
-4.600105,24,22.757777
-2.361169,10,22.772554
10.237255,41,22.832525
0.3924,21,22.863679
-1.338676,22,22.895651
-6.813915,25,22.931598
1.219706,28,22.971385
4.294146,30,23.014093
3.994148,30,23.05672
5.025258,21,23.086336
1.000725,21,23.116179
-1.16124,20,23.14471
-2.18615,9,23.157686
1.384787,23,23.190416
3.315108,38,23.244307
4.799547,24,23.278504
-1.012355,15,23.299702
0.005816,16,23.322452
-6.685441,20,23.350946
1.706001,23,23.383523
3.766817,21,23.413342
0.870401,21,23.443366
-3.840902,22,23.474203
5.88052,47,23.540916
-0.264764,13,23.559464
11.733686,35,23.609036
9.523075,31,23.652786
3.799262,19,23.67985
-0.992712,14,23.699716
0.945553,12,23.716733
-4.694186,22,23.748008
-1.756264,32,23.793574
0.839195,30,23.835913
14.582776,32,23.881118
3.238284,19,23.908051
-0.024296,11,25.756079
-0.150022,12,25.772771
-2.559832,21,25.802915
2.056544,13,25.821496
2.274284,24,25.855702
-1.069785,20,25.884979
-2.54103,40,25.944675
2.227375,25,25.982129
-1.338302,21,26.013539
-2.582971,42,26.075935
-5.774804,27,26.116261
11.835412,57,26.200851
-0.506215,19,26.228921
-1.353146,27,26.268835
5.214682,23,26.303072
10.078276,26,26.341612
-0.655204,24,26.377028
10.810008,29,26.420057
0.257859,17,26.445123
1.826619,13,26.464641
7.997908,30,26.508996
-5.544093,27,26.548911
0.124209,11,26.565641
20.442828,40,26.625147
1.187934,32,26.672696
-6.105184,22,26.705301
-2.078997,26,26.743148
6.65309,24,26.77897
5.608333,21,26.809838
5.712626,20,26.8394
2.273575,22,26.871882
-2.948406,13,26.891089
21.056726,35,26.943098
4.188244,21,26.974159
4.767192,25,27.010716
-0.642195,20,27.040183
1.864726,36,27.093023
3.063657,24,27.128479
0.325949,13,27.147882
2.148057,20,27.177087
-1.48086,10,27.191926
3.544217,22,27.224484
-1.490096,18,27.251121
1.315073,30,27.295051
0.647221,18,27.321755
-1.842537,12,27.339549
-3.137817,20,27.369423
4.647437,25,27.406523
4.372837,24,27.442269
1.74788,16,27.466302
2.483935,17,27.491883
0.82913,14,27.5128
3.003038,21,27.544348
4.096527,23,27.578072
9.792484,34,27.627766
2.966004,19,27.65573
3.198343,16,27.679453
4.360761,28,27.720931
1.662765,22,27.75325
-5.603274,18,27.779569
-5.337056,28,27.819353
-3.185468,22,27.850812
3.166881,28,27.890542
-1.433377,27,27.928694
1.223398,17,27.952909
3.003814,20,27.981442
0.612071,32,28.026763
7.427596,38,28.080612
0.171874,23,28.113297
-0.013999,28,28.153011
-0.2027,22,28.184303
-3.280807,16,28.207095
-0.911153,24,28.240954
0.161279,13,28.259284
-2.317446,31,28.303406
4.715983,22,28.334625
0.889921,22,28.365809
6.730699,25,28.401585
-3.226635,17,28.425813
1.820757,24,28.46006
-6.237378,17,28.484071
-3.209069,23,28.516778
-1.115708,22,28.548268
-1.432294,15,28.569647
6.214891,43,28.630776
-0.277073,17,28.654876
-3.071642,22,28.685927
-2.777083,8,28.697302
0.667316,27,28.735657
-1.846024,16,30.596365
0.756868,19,30.623291
8.009054,37,30.676007
4.357745,18,30.701494
10.098763,29,30.743013
-0.773396,29,30.785984
4.388845,14,30.806879
-2.295369,27,30.846914
-0.709492,10,30.861841
18.086563,38,30.918541
1.950168,19,30.947144
-6.969416,18,30.973992
2.394699,21,31.005468
1.005734,30,31.050403
6.331803,31,31.096216
-4.092434,23,31.13033
-1.272693,12,31.14841
2.316472,23,31.18308
2.243548,24,31.218584
-0.35813,14,31.23959
-0.266349,28,31.281091
7.943672,55,31.362286
4.17817,24,31.397993
-4.130686,11,31.414467
3.392735,23,31.448534
15.987237,33,31.497592
3.468064,15,31.519846
8.976765,31,31.566092
4.67115,17,31.59191
-1.472613,25,31.62942
-5.66349,22,31.662473
-0.793259,20,31.69301
4.432753,21,31.724155
-3.989904,46,31.792393
7.885285,39,31.850082
5.811674,25,31.887232
-5.451819,17,31.9125
5.605146,16,31.93621
3.689696,24,31.971907
12.701603,28,32.013337
2.354961,15,32.035579
0.536021,19,32.063495
0.848518,40,32.122572
-3.168259,8,32.134746
0.90165,19,32.162926
17.979739,32,32.210175
16.151679,31,32.256066
0.027915,20,32.285872
6.952097,19,32.313987
4.868179,16,32.337506
10.626938,22,32.370256
-2.961042,15,32.392312
3.419978,35,32.443615
1.273066,21,32.474566
-2.470819,8,32.486538
22.277307,43,32.549831
5.123727,18,32.575321
6.361034,27,32.61364
2.607476,25,32.6494
16.035327,31,32.693424
2.97353,36,32.744376
-1.500432,26,32.781289
-7.426028,71,32.881669
7.516124,33,32.928627
6.39776,34,32.976843
-1.298966,12,32.9937
17.119244,31,33.037494
-5.217627,10,33.051912
9.648393,23,33.084726
26.368312,38,33.138325
5.884892,24,33.172277
-3.779127,27,33.210666
0.416393,24,33.244749
3.852275,31,33.288869
-9.101303,73,33.392463
1.624076,58,33.475045
-0.722446,24,33.509053
-3.811885,17,33.533374
-0.810688,32,35.410781
3.592042,17,35.434882
11.43424,44,35.497106
3.666235,24,35.531635
-0.588937,11,35.548169
3.059646,25,35.58548
5.753777,25,35.622785
0.352824,13,35.642309
1.868395,14,35.663376
27.271307,60,35.753039
-0.197904,23,35.787487
18.603182,34,35.83811
7.181062,27,35.877976
-0.02728,25,35.914925
-0.032022,30,35.959259
6.18005,37,36.014072
-2.697285,21,36.044945
-0.9671,23,36.079123
-3.630501,16,36.103063
23.418085,44,36.168142
17.371986,25,36.204722
-0.320775,16,36.22855
1.967555,13,36.247748
3.230848,23,36.281345
5.812772,33,36.330213
7.662167,30,36.374328
14.093807,31,36.420401
-4.585902,7,36.430817
9.641947,23,36.464699
11.60807,31,36.510587
7.05463,24,36.546204
1.770887,18,36.572674
-3.811649,70,36.676357
0.48167,29,36.719143
5.146104,41,36.779964
2.543453,19,36.808307
36.442672,58,36.894235
1.012057,25,36.931167
5.652457,17,36.956382
6.201706,22,36.988838
-1.26697,39,37.046499
9.545698,29,37.089629
-1.420709,36,37.142699
3.366074,27,37.182676
13.324603,62,37.273896
4.784677,24,37.309341
10.575995,38,37.364053
-2.920181,11,37.379761
16.440507,33,37.426676
-0.772435,24,37.460381
6.676754,24,37.49421
2.261028,26,37.531012
-0.566452,31,37.575091
26.708453,41,37.633189
2.388116,13,37.651731
-1.747839,9,37.664461
8.83764,21,37.694279
-4.444571,21,37.724117
-0.014185,50,37.795513
7.224811,35,37.845213
2.728254,21,37.875154
-3.424387,17,37.899346
2.334772,13,37.917902
-7.650266,17,37.942048
3.29981,13,37.960643
4.730825,22,37.992025
11.447971,34,38.040092
-2.211878,28,38.079934
-1.841648,11,38.09569
4.072686,13,38.114315
-1.409411,16,38.137264
2.148527,31,38.181508
13.816559,42,38.241157
4.960455,20,38.269447
-1.670898,37,38.321793
16.512363,25,38.357309
-0.528924,15,38.37854
21.306942,42,40.264506
0.221487,29,40.305426
3.00989,19,40.333649
4.852865,29,40.377114
0.241201,27,40.417471
12.026354,29,40.460721
16.891823,28,40.502439
33.246139,48,40.573919
12.735834,26,40.612545
10.580961,27,40.652534
1.167725,25,40.689433
6.294654,24,40.725017
-3.835914,26,40.763371
1.32762,12,40.781296
4.169302,34,40.83167
9.155376,24,40.86712
-0.151372,24,40.902804
-7.266418,53,40.980668
-0.191813,55,41.061704
7.002676,22,41.094316
2.389354,19,41.122761
3.251215,15,41.145062
8.122826,26,41.183491
27.501113,47,41.252703
0.53372,22,41.285131
3.681036,22,41.318037
16.701491,42,41.380477
-1.420984,22,41.41284
3.730494,31,41.458643
11.900401,31,41.504673
14.043061,37,41.559481
5.674938,27,41.599747
20.221756,44,41.664573
7.029625,41,41.725143
11.884715,55,41.806741
14.132695,26,41.845597
-1.379003,21,41.877164
2.98733,17,41.90269
25.874083,46,41.971539
-0.778447,31,42.017422
8.061933,33,42.066329
14.97056,38,42.122129
2.023089,24,42.15755
20.700719,34,42.205947
-0.737861,13,42.224371
-1.380268,9,42.237005
5.163849,32,42.282414
12.704151,45,42.346278
5.23611,24,42.380385
1.303168,27,42.418798
-3.570228,8,42.430131
0.058301,10,42.444545
8.107408,44,42.507314
10.105194,54,42.584095
5.44918,68,42.680884
8.296689,20,42.709389
1.171109,14,42.729081
8.615507,27,42.767325
1.340265,18,42.792956
9.292738,51,42.865539
0.402686,30,42.908266
-1.163714,27,42.946857
2.631888,46,43.012105
-0.723709,18,43.037775
-2.166959,54,43.114439
14.548647,30,43.156973
-0.652622,10,43.171314
12.644577,27,45.028545
6.075683,26,45.065274
8.545529,47,45.132809
16.621007,44,45.198251
32.267361,35,45.250136
3.941373,58,45.336427
-1.211224,23,45.370782
5.146267,31,45.416808
16.9073,23,45.450845
-3.297305,8,45.462732
4.886347,29,45.505522
10.168022,36,45.558292
0.957755,24,45.593867
5.300712,24,45.629379
15.531398,51,45.70469
19.439463,70,45.807844
23.399768,57,45.891674
1.104236,17,45.917075
22.600851,45,45.983747
2.985127,18,46.01046
11.36531,37,46.065487
3.533019,20,46.095034
0.358619,16,46.118511
5.183705,21,46.149746
-5.124998,69,46.251132
9.912845,29,46.294144
3.218273,26,46.332227
1.243188,21,46.363255
-0.802263,13,46.382248
-3.00411,11,46.398867
-0.10004,14,46.419541
8.701145,34,46.46967
11.380363,50,46.543557
1.123029,16,46.567326
14.037451,40,46.625808
15.19301,32,46.673056
10.426021,26,46.71137
9.683814,31,46.757212
8.701034,36,46.810517
4.356616,18,46.837078
-1.413589,9,46.850386
1.46489,11,46.86656
8.079525,38,46.922591
-0.835512,19,46.949734
4.095092,19,46.976885
10.539204,29,47.01815
12.719024,51,47.09069
2.847662,21,47.120813
0.359255,11,47.136512
13.216535,54,47.213302
12.866658,58,47.295754
12.588344,26,47.332667
9.5001,28,47.37266
12.447705,26,47.409678
4.239855,20,47.438061
4.461474,22,47.469677
3.117391,15,47.491082
3.696469,14,47.511112
14.462339,42,47.57112
1.206236,15,47.59274
11.266691,40,47.649731
26.020428,54,47.726926
-2.691855,20,47.755418
3.561086,15,47.777229
4.924699,27,47.81593
10.277823,30,47.858888
16.179457,29,47.90053
6.584064,47,47.967153
63.621339,109,49.980602
38.924825,77,50.094955
15.486953,38,50.151703
2.930206,18,50.178586
35.566856,42,50.240894
10.225138,39,50.298703
4.309493,37,50.353106
10.767386,27,50.392889
20.803184,64,50.487067
15.390191,44,50.551681
34.816035,77,50.665401
8.079288,18,50.691757
41.877338,60,50.780132
2.798665,15,50.802299
16.176582,32,50.849133
21.684871,35,50.900712
5.02949,87,51.028273
-1.420128,66,51.126088
20.978888,57,51.209778
25.838736,29,51.252637
6.500027,26,51.291167
5.132713,40,51.350038
16.532666,34,51.40014
-1.777283,10,51.414959
13.423011,50,51.488482
29.860058,43,51.552191
16.50962,35,51.604315
17.418183,35,51.655996
1.207055,11,51.672322
12.784056,33,51.721287
10.413499,40,51.779293
-0.161786,16,51.802314
5.001963,14,51.822306
24.170485,48,51.89062
26.870473,62,51.978935
2.664067,37,52.031842
18.637217,33,52.078996
6.002131,28,52.11997
15.388201,33,52.168092
4.767149,24,52.203385
5.633658,19,52.231292
8.75417,25,52.26811
8.26907,24,52.303661
8.932916,22,52.335432
20.030954,39,52.391165
4.200098,24,52.425484
-1.940472,28,52.465412
20.073235,52,52.539777
9.673743,26,52.577056
6.674418,24,52.611276
19.355106,35,52.661479
18.0532,46,52.727046
5.228446,47,52.794312
21.543595,38,54.674496
1.92116,18,54.700276
16.489627,31,54.74464
31.337547,42,54.80646
20.142746,73,54.915334
5.327404,20,54.945211
16.700739,36,54.99913
22.992592,43,55.063148
0.653397,11,55.079533
13.832372,28,55.120912
9.790163,24,55.156529
2.246806,15,55.178769
31.977978,72,55.284671
25.438566,41,55.344904
14.20477,35,55.396554
2.428949,50,55.4703
14.420377,26,55.508568
29.956606,52,55.58508
4.829133,33,55.633848
5.126879,23,55.668012
1.685993,27,55.707769
14.207642,40,55.766922
24.876056,70,55.870317
-0.353892,23,55.90454
14.206194,44,55.969606
43.07881,70,56.072465
0.645473,16,56.096297
32.726992,44,56.160728
19.336609,43,56.224321
7.873837,71,56.329708
10.458297,35,56.381079
38.277923,78,56.496419
6.230686,28,56.53789
17.984767,38,56.594032
12.848511,49,56.664361
5.318122,21,56.694525
7.920761,63,56.784516
40.436499,77,56.894181
129.642327,113,57.055739
18.416195,40,57.112894
26.165659,49,57.182821
-1.06026,81,57.29826
25.442132,37,57.351235
12.128483,24,57.385577
24.221716,53,57.461513
2.02761,14,57.48152
14.82222,37,57.534108
12.477874,29,57.575475
16.486388,43,57.637143
13.959236,40,59.517555
22.426472,46,59.583557
62.322237,73,59.692016
3.291241,34,59.742633
41.290616,65,59.839393
42.8669,93,59.977139
42.204475,70,60.079954
28.256531,47,60.149323
6.509347,26,60.187833
5.275988,23,60.222026
19.775699,36,60.275278
10.702923,30,60.319658
19.702552,39,60.377264
123.012489,87,60.505409
21.475355,34,60.555781
33.612474,71,60.659618
-1.695833,8,60.671691
3.297669,22,60.704174
16.050044,39,60.761335
1.260769,14,60.782022
23.324351,40,60.841026
20.875005,61,60.930436
44.137908,104,61.083945
12.948069,37,61.138665
27.613207,51,61.213908
8.598281,28,61.255192
23.958975,36,61.308483
112.723796,109,61.466954
1.137942,25,61.502709
42.666367,55,61.581273
9.717134,29,61.622753
2.382605,12,61.639767
3.704896,22,61.670932
3.534548,23,61.703726
13.347198,38,61.758169
11.91335,25,61.793622
15.605576,48,61.862095
19.494414,39,61.917655
31.536785,64,62.008642
19.975112,41,62.067017
18.166959,26,62.10417
28.635909,88,62.229907
14.65448,28,62.269747
47.055194,72,62.372561
1.648197,22,62.404114
3.790563,42,62.465677
-0.091528,64,64.38057
123.267392,122,64.560285
19.603601,50,64.634846
2.772703,14,64.655756
21.67395,36,64.708937
26.659183,59,64.79576
4.609421,17,64.82087
25.844512,54,64.89994
1.303672,28,64.941124
18.762877,39,64.998709
33.769516,45,65.065183
41.360595,73,65.173107
15.12821,29,65.216344
12.2491,27,65.256144
4.831712,20,65.286041
11.967464,39,65.343743
31.238555,44,65.408707
6.960422,24,65.444165
18.616416,52,65.520904
24.617316,58,65.606468
26.454712,53,65.684597
9.367815,20,65.714377
30.002965,37,65.769094
29.532361,38,65.825047
43.295912,68,65.925711
41.961006,83,66.04848
7.059191,30,66.092616
43.235037,108,66.250582
23.3359,39,66.306469
39.711103,68,66.403726
4.736403,23,66.436614
7.373706,22,66.468019
26.284663,49,66.537949
9.959545,39,66.593707
39.474835,66,66.687349
41.807328,48,66.756324
32.296908,41,66.814912
5.753921,69,66.913773
183.916049,113,67.074849
10.824308,22,67.106247
21.808372,51,67.178924
19.772967,49,67.249128
36.127589,71,69.174696
39.634333,59,69.260102
44.921393,102,69.411231
8.877556,23,69.445298
6.705065,59,69.531957
17.924269,46,69.599444
17.562687,60,69.686659
22.314728,40,69.745247
43.220774,60,69.83291
12.038633,42,69.894556
0.418597,20,69.923987
5.917978,26,69.962448
5.326553,78,70.077139
32.571679,37,70.131166
7.054211,37,70.185401
0.86408,24,70.220726
309.91719,219,70.542227
2.654321,15,70.564591
17.618056,30,70.608746
59.404765,81,70.727509
92.703453,147,70.943587
14.085756,42,71.005138
17.928327,36,71.056834
62.747833,77,71.166461
43.230554,77,71.275619
25.019312,30,71.318384
32.181209,46,71.383437
19.354242,30,71.425783
19.783408,35,71.475886
65.433205,93,71.607683
16.746684,33,71.654489
43.514686,80,71.767748
25.401518,66,71.862066
46.247783,59,71.945498
-1.878439,15,71.966811
43.401961,60,72.051724
17.608882,57,73.945514
25.737877,44,74.007654
12.831155,73,74.114784
29.810849,60,74.203722
15.131738,40,74.263302
238.136385,184,74.535916
5.107712,21,74.566874
79.9316,107,74.723984
25.308706,62,74.81548
208.378062,144,75.027514
2.109652,12,75.045159
42.783704,77,75.158853
68.778789,75,75.269726
33.511734,47,75.339237
96.774891,125,75.523428
67.917089,74,75.63229
37.596984,72,75.739295
101.861593,139,75.939812
28.648961,40,75.996697
84.956125,97,76.13449
16.01934,32,76.180004
34.053348,76,76.287762
36.160995,64,76.378256
14.906051,25,76.413819
21.910786,67,76.509301
66.305399,127,76.690067
33.716314,61,76.777025
12.147785,25,76.812642
38.074366,91,78.751933
-1.798592,9,78.7647
63.412135,77,78.875772
67.04274,107,79.034268
23.566453,33,79.083271
175.958701,204,79.384725
58.252881,72,79.490874
11.076236,37,79.545657
164.319628,140,79.75236
17.084712,41,79.812895
105.606304,192,80.096546
134.981371,110,80.258936
23.955198,88,80.388938
53.471146,67,80.487932
10.730387,43,80.551596
216.239355,138,80.751737
101.500222,100,80.893682
66.378053,112,81.053773
57.372873,100,81.195881
30.033926,55,81.273692
52.594775,76,81.38254
34.430455,62,81.470905
71.476965,210,83.632936
130.625772,111,83.79685
115.935116,257,84.177394
148.994632,113,84.344556
181.765153,141,84.553029
6.265334,27,84.592701
71.248064,182,84.861476
54.812243,209,85.169554
8.578885,23,85.203414
19.869198,70,85.306909
147.993868,146,85.522163
61.272583,116,85.687312
22.257607,43,85.748646
27.899495,52,85.822501
147.717115,105,85.971794
26.309792,78,86.082252
48.38325,73,86.18616
157.352097,118,86.353506
26.208016,62,86.441248
46.01074,79,88.379089
56.441583,73,88.485801
47.552255,128,88.676432
40.591557,128,88.866136
270.454372,142,89.076359
305.841574,227,89.412682
67.67799,194,89.699948
12.478554,49,89.772464
26.496256,44,89.837999
16.637507,38,89.894822
202.395368,119,90.071489
200.428884,122,90.250054
160.009661,141,90.450346
34.963283,81,90.56547
82.41889,137,90.76062
40.227917,96,90.89766
17.896515,36,90.949009
43.828049,72,91.051639
19.929666,134,91.242065
62.216373,85,93.201861
259.605359,176,93.47194
12.793747,44,93.539323
231.57902,213,93.855186
29.054852,50,93.92975
11.362555,47,93.99903
275.649782,185,94.272958
58.141976,82,94.394163
172.687213,102,94.545846
238.674353,165,94.790814
31.8875,101,94.940184
34.376522,52,95.016148
20.456064,36,95.067295
81.066665,125,95.245317
4.189618,22,95.276157
228.577058,152,95.49173
30.096279,87,95.61547
22.027061,115,95.779305
259.536273,157,96.002907
15.997637,49,96.072181
25.673126,79,98.020835
287.974538,191,98.306158
67.044987,152,98.531662
96.765352,104,98.686244
87.20806,173,98.94301
28.208943,134,99.141571
92.710366,216,99.460852
65.313071,80,99.578925
87.241336,166,99.82255
237.186674,161,100.052453
206.264745,138,100.24934
223.141872,137,100.444988
283.052052,220,100.759294
76.709977,107,100.912506
59.788665,113,102.906329
149.298988,138,103.112585
256.0348,175,103.371646
100.598007,172,103.626161
56.124407,131,103.8269
227.162742,147,104.046561
44.793836,82,104.167477
179.152873,119,104.344017
52.900976,68,104.444896
279.507539,195,104.728217
140.096772,81,104.842819
249.477283,162,105.073208
85.11803,77,105.183214
284.900025,174,105.431933
80.549423,96,105.568613
269.918037,193,107.681647
277.291385,193,107.970571
25.866546,44,108.035902
222.106169,171,108.289283
1.512948,11,108.30567
87.968696,94,108.445033
35.909995,72,108.551716
35.672779,99,108.698959
89.225565,117,108.872283
266.69077,172,109.127574
209.70241,191,109.409842
142.738245,95,109.54569
100.385992,144,109.751521
30.7269,79,109.863577
131.229753,206,110.156112
51.610002,66,110.250034
231.263309,148,110.460934
235.777272,121,112.47417
59.12064,83,112.598717
187.176833,156,112.829679
180.075949,168,113.077506
147.742313,103,113.229699
223.596964,171,113.483077
330.31166,234,113.829711
187.016899,109,113.993573
243.794939,165,114.241732
271.701894,203,114.531191
240.356786,133,114.720597
226.037708,132,114.909878
196.502686,118,115.078178
170.293903,121,115.25084
73.344082,76,115.359665
268.249889,170,117.453219
197.112933,247,117.820197
307.541618,191,118.104096
234.101129,146,118.320139
48.274734,102,118.471136
226.80248,141,118.680587
266.643363,167,118.928714
193.767145,208,119.224261
182.307303,106,119.375127
248.631377,146,119.583165
79.376696,127,119.764034
328.607704,232,120.094647
203.990307,118,120.263307
280.563429,190,122.397856
108.246812,144,122.611639
35.157469,45,122.678541
142.458116,188,122.956609
135.362508,250,123.327287
418.113687,305,123.779439
307.878877,196,124.059633
310.502874,217,124.371984
251.931483,144,124.580196
259.013199,171,124.825071
568.239603,539,127.459064
249.733951,151,127.683153
180.344929,104,127.836533
254.290976,160,128.07302
-0.981963,137,128.275047
200.209421,115,128.445614
240.159943,161,128.677838
214.191689,121,128.851917
295.576442,212,129.153387
205.744416,115,129.317912
241.83364,141,129.519591
310.420193,274,129.91204
338.569918,225,132.10128
243.490461,137,132.304595
187.419961,100,132.453461
201.788671,127,132.641941
373.825246,505,133.384932
213.416272,117,133.551814
332.931241,241,133.894933
272.88673,187,134.161978
235.716157,133,134.352715
287.605166,184,134.61736
336.358799,253,136.850722
258.890857,187,137.126036
210.239051,112,137.292437
260.604227,154,137.520405
33.495746,71,137.624523
346.014781,218,137.944987
295.149072,209,138.247491
223.79645,509,138.971855
226.87802,135,139.165054
193.594771,95,139.299999
401.487584,396,141.731227
73.866933,82,141.85236
267.773542,163,142.093204
219.520681,149,142.312791
187.249328,110,142.47558
243.591537,148,142.695125
252.280457,155,142.920491
216.731086,133,143.108656
203.421108,172,143.351227
313.41964,179,143.604941
155.948817,110,143.761253
0.623776,11,143.776559
219.996774,123,143.950345
185.661473,129,144.133022
168.912755,131,144.318724
203.045285,119,146.410548
282.584495,247,146.889839
207.938647,120,147.088873
221.127305,159,147.321775
119.723184,92,147.456671
269.582215,163,147.696433
243.815457,132,147.887921
216.694535,120,148.058188
205.470941,105,148.206737
305.156381,206,148.49891
267.025177,192,148.77203
180.566605,95,148.906788
236.94535,153,149.123927
86.561241,121,149.295021
200.768261,128,151.360284
281.554115,184,151.65487
259.930962,185,151.927592
279.262486,174,152.18416
299.716141,210,152.493831
206.348263,125,152.676113
281.173994,192,152.947008
248.692659,150,153.159433
277.309518,193,153.432962
190.080931,117,153.599107
241.673965,174,153.844756
135.54871,84,153.96374
411.541273,333,156.348497
264.025372,177,156.607572
173.972687,135,156.80565
227.571712,157,157.035152
255.000578,158,157.267521
367.330205,263,157.645241
162.673154,91,157.77358
229.976872,126,157.952091
179.63234,109,158.106663
366.348133,235,158.440341
224.121043,123,158.614689
178.56674,90,158.74289
337.961801,212,159.044571
78.333151,72,159.146688
261.601827,159,161.290338
337.832744,289,161.713882
71.916548,143,161.923415
220.433535,131,162.116046
220.663878,125,162.297273
234.425817,150,162.51029
131.574341,241,162.852533
340.936838,299,163.277335
76.94353,200,163.56086
244.501378,134,163.752223
220.301787,118,163.92012
246.518649,141,165.99368
178.237845,99,166.139287
230.320176,143,166.348728
173.46819,301,166.788999
224.191621,122,166.967972
320.905955,241,167.311823
239.994391,130,167.495957
194.443895,320,167.951124
228.894625,136,168.144321
289.200474,187,168.409336
339.523701,275,168.799525
169.0042,87,170.795979
280.39887,174,171.051377
283.71404,169,171.298737
228.801855,126,171.483409
240.680094,137,171.684831
88.771304,243,172.033299
247.273353,138,172.229044
290.717801,185,172.49167
270.898806,178,172.744967
326.653317,209,173.040824
320.96194,241,173.383478
198.994365,117,173.5499
231.779673,133,175.60353
266.556196,160,175.839818
232.742879,129,176.032124
269.513563,158,176.265187
218.651229,127,176.452329
153.322254,82,176.572839
239.698081,401,177.142128
216.387345,135,177.33222
214.156856,122,177.504665
175.886057,102,177.649834
170.664078,95,177.783943
200.663141,122,177.955709
249.441134,176,178.205145
218.185374,121,178.376113
251.039949,139,180.458775
306.066763,176,180.715263
274.412494,155,180.941912
264.672439,143,181.150815
258.009255,159,181.38343
77.747031,168,181.620136
239.544924,131,181.806492
292.739208,171,182.048222
266.129447,161,182.275698
186.557193,97,182.413015
319.921268,225,182.732098
247.560644,153,182.94921
355.899492,281,185.214011
248.766418,145,185.428007
243.851439,133,185.625358
370.984468,294,186.058678
213.051376,129,186.247063
199.882856,130,186.433201
241.698077,137,186.627538
334.05865,194,186.903495
247.182432,142,187.104877
220.064783,121,187.276555
248.205281,154,187.494803
233.644305,172,187.739166
151.764785,73,187.843209
385.418033,311,190.285163
109.074084,68,190.384811
172.470377,101,190.532928
227.82788,127,190.719553
238.724209,135,190.918293
160.032121,95,191.057251
216.672926,126,191.235987
213.168706,113,191.396684
279.348261,177,191.647489
216.279462,123,191.821796
199.894201,108,191.975253
462.909995,465,192.634964
205.454222,119,192.803339
145.712044,92,192.933769
260.93177,145,195.013209
223.618453,121,195.191505
299.31828,196,195.47991
73.944112,64,195.574392
196.840578,110,195.736908
260.095236,154,195.960062
250.163545,166,196.195732
261.509269,165,196.430345
193.698536,115,196.597167
227.966166,127,196.778337
263.378429,147,196.98815
239.202561,139,197.185143
419.8731,334,197.659189
205.544943,109,197.813338
303.911969,177,199.940366
211.641308,113,200.106498
199.490863,107,200.264033
266.553955,150,200.484567
237.748366,140,200.688291
339.799,228,201.012271
155.547048,98,201.15095
231.379143,138,201.347115
218.044987,114,201.508077
258.766461,160,201.734267
237.41124,136,201.927942
207.430408,127,202.10836
224.812036,141,202.308245
176.391281,149,202.519212
357.426975,241,204.83094
223.319425,116,205.001671
189.627455,95,205.141093
306.679062,176,205.400115
281.71266,209,205.699524
14.953948,24,205.733581
271.630186,153,205.950887
196.377487,111,206.108342
221.267214,128,206.290325
128.628936,73,206.393532
236.052408,142,206.5951
237.739772,143,206.800639
159.085057,85,206.92342
202.730774,102,207.067852
329.454861,260,207.437061
314.655735,196,209.715094
280.304586,156,209.944543
214.674343,109,210.105679
282.380554,185,210.378077
153.391632,87,210.502293
214.752985,123,210.676931
258.184773,201,210.962765
245.448595,154,211.182696
392.152841,297,211.605241
191.05415,116,211.770376
264.151313,151,211.985609
207.231018,121,212.157946
225.420819,120,212.329572
175.455964,105,214.389669
246.652355,152,214.61406
218.784051,129,214.804347
204.349963,122,214.983845
305.498218,186,215.255889
196.137405,106,215.406611
247.189546,152,215.62253
213.945834,134,215.812373
234.944823,144,216.016084
268.604295,172,216.261239
239.291507,155,216.482212
159.852643,106,216.632217
270.55775,151,216.846283
202.651927,119,217.015959
229.388721,126,217.199253
205.131979,111,219.241537
306.183089,173,219.495588
416.811637,311,219.9532
198.981592,108,220.107827
203.259978,129,220.290532
264.667711,168,220.529734
270.024898,164,220.763841
201.174528,133,220.952574
226.121919,130,221.137255
225.415047,126,221.316203
213.911198,112,221.474365
148.726503,83,221.592896
141.986037,80,221.706465
132.093344,85,221.826145
216.95544,119,221.995719
258.478404,144,224.091592
271.974957,155,224.318027
280.508714,159,224.551657
247.896156,135,224.74939
234.053084,143,224.955286
203.065134,108,225.108879
305.505516,205,225.399632
335.186295,205,225.690862
170.460064,91,225.819819
237.524171,136,226.013021
256.678981,159,226.238489
249.463808,161,226.46634
169.830723,86,226.588448
288.196088,171,226.83145
214.826969,113,228.92714
213.599359,127,229.114229
202.091413,103,229.266009
248.852164,160,229.502104
346.33517,259,229.876115
210.73014,125,230.053117
210.012178,130,230.23759
194.547688,100,230.379497
211.966879,107,230.531766
213.841372,126,230.711672
198.587563,109,230.866714
312.268312,213,231.169916
273.044631,166,231.406273
245.921123,132,231.59452
230.516066,124,231.771688
336.87582,213,234.179826
226.023021,119,234.355558
265.58457,143,234.566761
205.392692,118,234.737004
264.779121,153,234.954121
126.462151,69,235.052144
274.949143,167,235.28924
210.43749,121,235.46068
195.935339,125,235.638246
242.844547,134,235.828444
178.670104,100,235.970728
146.154468,83,236.087966
269.944781,152,236.304193
303.937752,194,236.580748
210.893308,122,236.753812
280.937876,180,238.94048
247.242987,133,239.136436
208.258928,104,239.288965
278.734331,167,239.533331
304.316457,180,239.789062
266.82945,158,240.013341
258.55098,143,240.216228
191.381568,106,240.36759
240.159007,140,240.566099
401.071271,279,240.96318
244.987457,146,241.169692
259.461826,158,241.394134
215.424396,118,241.561358
318.274307,203,243.919961
212.664786,111,244.136797
263.700666,157,244.442986
168.004246,88,244.614619
155.065158,83,244.784427
286.160887,184,245.165332
185.478293,100,245.372566
279.564128,164,245.653669
193.967307,104,245.801982
248.999656,139,246.00051
184.767589,96,246.136661
336.281012,211,246.437142
280.230106,161,246.665732
88.617678,60,246.750568
209.164515,118,246.918056
200.445373,117,247.085371
179.615168,100,249.134565
263.778322,174,249.392284
317.971123,205,249.694746
307.273394,174,249.943356
317.391542,194,250.218472
263.42491,158,250.442899
289.297068,173,250.689223
297.479067,175,250.938499
211.015432,413,251.525679
266.692371,151,251.740224
52.130346,147,251.949607
248.774799,139,254.043542
259.872789,212,254.356568
221.199589,119,254.532125
251.001646,137,254.72667
288.659865,167,254.964611
375.019363,259,255.333008
294.824439,184,255.594925
162.504908,84,255.713634
254.987417,171,255.957626
206.026626,107,256.10849
278.034025,177,256.359147
223.62649,122,256.531066
269.458263,149,256.741677
196.949024,132,258.833517
309.886075,201,259.130287
415.762332,332,259.606352
307.667887,192,259.877429
158.830826,85,259.996947
300.088675,199,260.27809
327.439709,209,260.574483
336.192972,237,260.910028
167.880489,89,261.035628
275.571663,172,261.278728
264.215492,144,261.483575
217.449483,118,261.649869
262.453001,178,263.803049
182.269078,98,263.947954
271.228658,144,264.157547
213.83591,103,264.302113
275.457074,171,264.544487
176.988865,114,264.705266
355.544282,237,265.040808
249.763257,124,265.216003
270.473077,164,265.448184
233.210081,130,265.631948
300.331194,169,265.871232
245.267687,142,266.073024
195.576515,107,266.223779
323.949106,182,268.465724
285.005362,152,268.700454
341.530587,218,269.023424
246.691428,140,269.221286
263.124459,154,269.43936
205.800314,119,269.608545
357.02502,233,269.939245
193.4442,109,270.09308
302.71823,160,270.319833
207.876787,111,270.476563
216.354485,123,270.650764
192.557323,370,271.175008
388.366619,240,273.420528
305.859562,181,273.686306
252.747811,137,273.880433
273.7984,171,274.122682
369.788117,213,274.423638
331.458445,208,274.717532
263.884113,155,274.937737
263.876124,143,275.140509
246.969742,137,275.333581
287.909108,155,275.553497
122.749969,245,275.900916
163.281868,84,276.018855
270.166164,149,278.183632
255.993273,140,278.390073
317.868736,192,278.667278
265.97415,151,278.881335
258.460146,145,279.088601
319.259085,211,279.387486
269.948098,140,279.585231
270.055557,147,279.793067
293.096744,154,280.011408
297.985351,182,280.268945
208.673343,103,280.415312
259.377538,158,280.6392
288.234782,163,280.87013
184.989332,100,281.011258
80.748725,184,283.188759
243.573015,126,283.37289
210.053915,113,283.532487
309.971901,180,283.787582
252.060074,137,283.981622
354.188773,237,284.317366
244.378295,139,284.51482
273.907348,150,284.727081
169.409124,89,284.853211
272.085624,148,285.063147
206.367812,106,285.213665
246.078229,140,285.412325
242.421809,132,285.599542
253.925911,141,285.800415
198.880631,118,287.898037
240.634146,126,288.085495
258.335746,130,288.271938
274.865429,151,288.485512
278.862274,154,288.702668
218.172136,119,288.871943
295.048905,158,289.095965
173.830443,104,289.245554
325.766817,216,289.553919
369.838893,213,289.855993
254.888764,140,290.054677
193.119361,110,290.210148
266.616858,146,290.417231
321.634024,178,290.670388
342.666784,197,292.911721
285.828599,163,293.145419
45.270516,180,293.400237
404.655138,250,293.754979
282.47631,159,293.980338
197.503535,111,294.137714
281.084554,140,294.336482
261.532922,140,294.534965
256.362779,152,294.750998
191.214535,108,294.903885
365.122662,236,295.239522
220.85456,129,295.422376
265.974568,139,295.619304
502.366874,381,298.084055
254.883541,136,298.275824
267.552941,139,298.473563
239.967296,140,298.671521
274.19671,136,298.863582
233.804824,123,299.037674
330.80503,189,299.305281
250.459307,150,299.519131
299.28679,164,299.753683
293.982657,161,299.98171
378.28018,207,300.275023
285.027656,155,302.416536
215.992056,117,302.587915
288.938077,150,302.799814
322.220773,185,303.06251
324.432182,182,303.320177
355.458963,265,303.696052
229.407866,119,303.865273
306.81284,162,304.094228
224.649285,113,304.254953
311.293711,192,304.527251
289.267949,161,304.755626
252.925588,141,304.956148
385.95358,240,307.21253
308.659272,182,307.477429
229.301116,125,307.654145
222.862126,117,307.818969
334.46597,207,308.11038
218.377658,112,308.268512
318.084685,158,308.491893
345.708644,203,308.779146
267.756302,138,308.973909
69.557801,176,309.22259
360.755127,232,309.551108
374.451599,194,309.827377
291.78932,158,310.054169
233.783977,124,312.180382
352.305312,220,312.493397
327.487719,179,312.747457
250.602638,130,312.931402
304.394159,161,313.159648
324.586131,206,313.452301
172.54046,98,313.591522
284.008599,159,313.818331
363.037215,214,314.122242
298.774957,171,314.366563
366.317474,247,314.718348
234.955431,123,314.893098
297.996283,145,317.225949
300.658612,165,317.461846
217.886306,109,317.614699
278.377491,162,317.844824
313.654895,174,318.090644
245.514698,128,318.271172
295.079626,160,318.497472
267.266282,139,318.694629
317.999552,175,318.941688
332.712598,179,319.195834
349.118197,226,319.516714
231.294795,113,319.676255
209.505024,103,319.822463
247.165499,127,321.953916
311.83764,204,322.249548
290.978833,166,322.485081
306.161597,190,322.754786
259.318438,137,322.949225
263.711042,144,323.154149
248.285942,135,323.34554
232.759207,121,323.517209
347.763366,180,323.773312
326.268114,172,324.01807
262.735446,143,324.221683
254.700114,120,324.392341
299.144127,153,324.609911
222.183438,111,324.768509
257.241369,123,327.113043
273.863955,132,327.323955
354.146011,249,327.676077
307.298155,145,327.881996
257.77198,139,328.078656
181.592975,97,328.215921
244.778033,114,328.376804
337.284615,189,328.644146
268.950302,136,328.837259
312.940298,182,329.095486
201.166097,109,329.250119
195.757765,101,329.392984
308.986458,197,329.673488
229.932618,122,329.846529
314.395641,163,331.979703
243.535977,128,332.161518
253.274309,125,332.338564
267.635439,136,332.530757
341.338398,222,332.845248
368.720847,197,333.124516
312.667591,188,333.390749
243.695471,127,333.570671
292.797709,147,333.779163
258.570459,151,333.994034
200.923321,102,334.137868
250.040399,127,334.317628
295.591832,154,334.536538
223.082633,113,334.696048
345.617619,183,336.851496
253.340828,135,337.041592
442.827401,281,337.439635
284.823441,142,337.640326
355.368667,215,337.945119
203.244954,109,338.098731
298.472244,171,338.341231
327.99656,186,338.604822
253.447165,132,338.792018
336.012204,168,339.03041
243.817046,137,339.224089
258.767559,137,339.418504
296.451877,162,341.553335
511.236397,358,342.061792
305.81452,153,342.278434
344.815331,182,342.535862
305.505441,156,342.757906
311.81804,166,342.993129
341.136842,185,343.255709
241.799263,125,343.432148
264.981598,142,343.633432
271.304189,157,343.85679
237.869849,108,344.00995
570.202816,394,346.503008
301.682745,145,346.708646
242.110453,127,346.8876
202.980069,97,347.024528
308.298629,168,347.262863
279.618714,140,347.461535
317.14891,175,347.709961
371.086017,190,347.979855
305.258014,165,348.213565
296.382018,154,348.431527
226.220116,111,348.589349
273.33204,134,348.778929
355.72536,191,349.050373
313.834592,149,351.212835
395.226739,236,351.54857
324.343068,177,351.799121
309.256512,152,352.014248
360.580822,183,352.27324
375.542198,212,352.575026
289.127747,172,352.818811
266.944541,136,353.012185
292.663949,132,353.199613
296.974451,157,353.422574
370.372772,209,353.719985
299.375037,138,353.916056
346.894912,185,356.107041
381.69259,207,356.399072
283.896766,143,356.601588
304.56161,170,356.841619
315.60089,170,357.08224
362.498517,216,357.388598
308.606528,156,357.610027
336.2031,180,357.865496
364.232197,188,358.133826
301.151471,157,358.357022
279.070059,142,358.559046
291.092443,150,358.77354
301.049525,164,361.011106
318.880571,184,361.271065
321.509817,150,361.487018
351.746843,194,361.76424
391.020911,228,362.088642
269.039889,132,362.275465
292.38983,135,362.46757
390.113853,228,362.791542
273.633473,134,362.981524
425.464269,245,363.330632
295.678971,157,363.553285
361.033791,170,363.795301
322.020023,175,365.949363
297.807155,144,366.153519
258.483286,138,366.349559
332.37156,158,366.573426
307.474795,148,366.783275
450.982667,257,367.148577
283.418058,165,367.382588
320.706252,162,367.611911
290.059957,139,367.809876
339.100868,170,368.052057
392.529213,240,368.393524
316.585849,154,368.612046
490.633767,298,370.96508
293.78256,153,371.181345
311.946309,153,371.397319
330.911123,170,371.638361
335.112597,162,371.871558
360.093831,197,372.150826
366.681403,181,372.406341
306.146782,148,372.616365
346.360747,198,372.898238
370.756998,192,373.170328
303.579788,135,373.361429
365.66383,189,375.557936
305.674004,142,375.759119
361.803884,181,376.015149
326.080357,171,376.257605
288.917214,152,376.472649
326.470258,166,376.708208
355.583046,202,376.994141
316.47981,151,377.209326
407.251969,205,377.500032
388.622661,191,377.770663
280.586054,157,377.993267
349.727756,162,378.222827
321.28782,159,380.352613
389.463563,198,380.633068
384.993234,186,380.896739
335.465274,149,381.107574
266.398925,136,381.301774
394.780975,219,381.612431
388.960418,218,381.921261
349.383158,169,382.165249
415.224466,205,382.456279
319.555329,159,382.681906
237.468226,110,382.839238
336.355357,168,383.077698
418.185543,191,385.362383
339.033675,166,385.597576
366.536898,185,385.860345
331.902802,159,386.085724
414.010554,220,386.398355
335.917718,158,386.622412
379.581124,183,386.881851
381.827961,225,387.201632
307.764003,145,387.406547
301.720689,148,387.617074
367.259365,209,387.914147
284.40679,149,390.274867
345.850225,170,390.515198
285.007512,153,390.73212
410.56906,232,391.061228
301.61064,141,391.260725
365.399535,192,391.53229
336.564418,169,391.772593
369.026861,161,392.001035
391.681403,179,392.255503
387.085636,211,392.559733
336.032347,161,392.788226
402.807169,189,393.057504
341.2833,162,395.236648
308.050218,140,395.434507
311.407827,136,395.626206
305.52731,156,395.84763
409.867511,198,396.128117
354.611476,163,396.358336
346.684635,161,396.587213
313.656994,150,396.799665
314.017663,150,397.012432
381.920022,205,397.303001
317.951529,150,397.515721
361.632706,179,397.769793
339.600679,175,400.293774
280.575617,135,400.48522
340.840092,155,400.704515
355.847476,173,400.951005
332.185005,151,401.165299
357.335754,174,401.413377
349.23444,176,401.663595
436.186161,217,401.972572
360.600702,199,402.256741
401.541857,217,402.565905
371.558552,184,402.831952
354.936237,160,403.059204
346.628958,174,405.246516
335.371347,164,405.480151
350.882774,152,405.697085
236.158417,118,405.864937
408.518059,216,406.173119
323.442161,149,406.385134
341.673295,175,406.634333
313.385011,148,406.844822
313.126088,143,407.048132
374.036199,184,407.310312
458.975373,261,407.68275
421.609333,224,409.912482
387.438006,184,410.174506
327.742632,160,410.401675
207.379815,98,410.541159
343.246616,153,410.758045
311.14984,157,410.982205
329.723672,160,411.21016
342.478887,171,411.454479
345.999823,164,411.688591
366.107644,177,411.940988
306.334687,145,412.148265
402.171044,211,412.448772
392.992767,190,412.720368
338.530951,166,414.852313
335.574796,171,415.094511
315.57793,147,415.30323
406.202027,200,415.587059
392.787099,198,415.867799
318.198026,148,416.077681
338.067787,154,416.295783
281.928248,144,416.499615
340.402791,150,416.712991
374.004217,188,416.979683
348.90077,163,417.210126
357.057907,177,417.461983
342.520446,167,419.611097
360.605853,180,419.867149
364.620492,168,420.105799
340.071938,164,420.338749
336.216763,159,420.564817
417.04415,239,420.905979
443.737472,235,421.241475
359.952147,170,421.483416
333.908796,162,421.714454
522.394431,306,422.149552
361.112285,162,422.379896
295.291512,138,424.514035
335.514117,145,424.718499
410.473612,185,424.980807
423.135859,209,425.277927
379.438957,173,425.523215
371.090649,184,425.784532
375.275672,187,426.050211
368.315252,170,426.29125
322.556685,145,426.496602
442.2055,218,426.806041
275.647328,116,426.970053
329.1543,148,427.180165
361.272004,160,429.312751
302.912396,139,429.508619
373.589912,172,429.751661
308.634848,144,429.955615
344.107377,165,430.190452
365.287068,167,430.428316
324.687681,142,430.629073
405.373171,196,430.906867
382.717696,184,431.168392
295.900462,151,431.382375
430.171199,215,431.688263
381.912899,201,431.973312
306.856694,132,434.123574
399.279911,205,434.414105
376.36215,174,434.661223
357.659928,163,434.892777
368.76509,164,435.126887
432.527309,249,435.478513
308.822103,143,435.680465
382.741843,191,435.950672
354.408114,160,436.177154
393.401582,194,436.451059
308.032358,153,436.666923
369.696331,174,436.914424
448.411564,244,439.253571
342.689257,173,439.498605
333.510906,153,439.716625
299.901997,137,439.910938
397.149919,161,440.139353
330.810527,149,440.350948
356.059605,178,440.604136
355.165148,159,440.82982
333.426716,165,441.064513
310.711846,149,441.276942
342.102313,155,441.497192
326.026152,150,441.711312
384.090478,188,443.878781
346.767632,180,444.140122
346.47997,152,444.356658
337.182651,156,444.578669
344.045223,159,444.804996
323.053907,145,445.011623
434.812645,211,445.312711
407.486573,201,445.599431
425.843374,213,445.902904
304.854519,149,446.115492
405.313471,179,446.37124
339.079792,154,446.590246
313.793092,150,448.69836
392.007294,181,448.956501
373.286067,171,449.200773
359.147476,181,449.458516
405.203192,198,449.740656
340.674118,182,450.000182
381.500626,179,450.256048
395.93532,172,450.501595
378.836698,168,450.741849
383.860662,194,451.018462
451.679275,223,451.336976
398.511247,201,453.689787
236.823126,111,453.846756
370.874347,173,454.093232
341.335168,150,454.30973
376.281644,173,454.558793
440.453875,222,454.875196
325.022839,142,455.076925
317.930224,159,455.304433
426.69931,209,455.602675
330.756657,154,455.823161
319.649528,159,456.050419
355.185821,163,456.282598
293.38124,140,456.483449
348.144185,188,458.794595
382.967456,172,459.039768
338.516857,166,459.275851
376.829446,200,459.560707
255.734591,111,459.718884
393.547711,174,459.967325
376.180563,180,460.224191
302.926695,139,460.421394
387.453598,173,460.667721
371.326225,173,460.913682
333.984258,161,461.143517
358.997913,170,461.386468
376.253634,171,463.52985
350.355802,152,463.745934
402.860093,170,463.987273
465.494089,203,464.276617
376.333114,166,464.513096
368.332104,168,464.757159
375.167584,168,464.998134
344.323207,152,465.213603
440.134066,185,465.477194
558.114852,305,465.912793
413.753319,193,466.188269
358.813879,152,468.36405
377.638148,164,468.597394
377.98461,172,468.84297
337.317488,153,469.060507
394.754259,185,469.324634
430.566509,198,469.607509
335.562245,157,469.83086
472.467455,242,470.176494
329.457836,152,470.392735
438.202137,236,470.730375
313.859369,195,471.009513
397.006344,194,473.205302
420.288647,200,473.489756
445.128358,209,473.789266
364.744232,162,474.020711
334.433427,179,474.276998
397.027748,177,474.52913
404.038195,185,474.792536
401.21011,177,475.051395
453.430632,207,475.347281
394.11012,206,475.641618
271.628919,127,475.822868
334.072046,157,478.163275
396.602669,165,478.398079
448.075083,250,478.753868
360.932338,168,478.992969
362.492867,169,479.234816
361.471733,155,479.455548
379.010389,173,479.702285
336.372152,156,479.924573
437.059609,201,480.215513
407.912563,163,480.448208
374.50272,168,480.687561
374.098654,158,480.913551
384.717362,178,483.081937
384.326534,178,483.334888
312.406962,140,483.534144
411.878544,186,483.799689
399.581386,182,484.059607
279.534722,138,484.256396
406.006939,201,484.541445
357.717228,186,484.806571
370.658663,182,485.065624
408.769061,184,485.334328
359.825376,160,485.562696
382.601852,170,485.804673
335.657206,159,487.928707
434.331674,182,488.187662
396.18591,179,488.440536
377.36811,166,488.676263
410.30898,169,488.917482
390.308618,170,489.158813
382.849873,168,489.398232
374.794165,176,489.648264
374.609115,162,489.879862
360.222493,178,490.134332
415.583178,197,490.41547
334.589911,157,490.639805
376.669601,156,492.772231
374.982771,183,493.033293
355.571898,152,493.249256
348.639441,162,493.479424
355.531126,158,493.70576
451.401508,216,494.015457
406.217789,185,494.278626
351.857244,169,494.518967
323.540141,155,494.738836
418.350815,204,495.028983
389.611902,170,495.271199
475.2798,221,497.546129
360.976582,186,497.805679
401.582852,178,498.055267
367.880699,177,498.301923
417.436447,186,498.562025
397.654062,199,498.839651
385.069076,182,499.093709
401.654593,170,499.333953
462.958539,197,499.609173
422.458435,194,499.881907
331.367515,149,500.091384
482.36689,259,502.37006
408.48627,192,502.647001
442.498382,205,502.938858
346.919598,168,503.178098
363.867281,172,503.422208
399.369501,187,503.688841
459.961322,207,503.986149
442.418985,195,504.265167
425.175612,183,504.524876
448.036845,192,504.795834
382.062729,173,505.041956
398.145497,187,507.209997
442.213281,229,507.529444
374.330448,177,507.776528
441.289254,208,508.069534
382.519387,174,508.312949
407.277271,170,508.550386
313.653673,132,508.736083
436.703478,197,509.012784
431.114809,190,509.277326
348.117902,153,509.492443
345.180021,157,509.715349
376.239097,164,509.95408
419.595415,158,512.0684
441.301436,188,512.333024
384.919253,172,512.573569
313.580345,142,512.772083
289.952162,119,512.941189
401.187743,194,513.214261
445.778737,201,513.494185
429.18052,187,513.75645
358.585237,167,513.993516
398.994235,184,514.252151
388.928839,187,514.514915
440.78803,192,516.709632
395.720933,177,516.960571
408.310939,186,517.223606
394.757836,155,517.442342
322.013251,140,517.640266
346.224633,166,517.875558
443.599789,226,518.197168
315.385945,150,518.408837
423.75057,241,518.751131
330.914383,163,518.983022
448.896584,207,519.277262
398.188684,184,519.543185
360.511676,154,521.673031
289.567302,138,521.86836
356.259204,167,522.105661
419.73832,199,522.387773
427.262976,226,522.709346
360.899186,177,522.962369
429.565951,195,523.239629
380.846757,156,523.462591
399.08485,184,523.724585
345.808659,160,523.95244
359.145352,157,524.17663
406.667846,168,524.420334
414.669992,179,526.568709
328.556154,167,526.811108
426.35455,199,527.095137
361.679701,155,527.316481
409.911143,192,527.589352
388.324156,171,527.833347
367.805662,162,528.065217
419.340454,194,528.342685
312.762915,149,528.55479
418.724051,202,528.843995
394.041662,195,529.124581
402.354583,185,531.283709
371.090765,177,531.534949
368.560956,165,531.769279
313.366772,142,531.970855
468.801774,194,532.247345
332.485449,134,532.437524
365.951291,181,532.694998
381.168251,204,532.985249
428.013575,183,533.245195
411.289052,178,533.498698
397.345885,186,533.763935
413.336062,215,535.967834
424.941757,185,536.230255
403.163218,157,536.453127
412.123938,182,536.712075
370.618131,159,536.940752
452.095119,218,537.253795
424.819232,172,537.499109
407.887038,171,537.743124
416.364988,184,538.004589
461.525625,197,538.285901
414.008743,175,538.535359
346.725741,170,538.778785
311.282031,142,540.877263
399.181246,173,541.122725
446.962588,184,541.383639
464.598095,231,541.713243
360.942346,188,541.98206
406.850561,177,542.233297
348.393099,161,542.462552
353.411946,171,542.705611
388.531728,190,542.976953
389.277951,159,543.2034
371.261435,171,543.447749
458.266734,203,545.672249
377.410639,157,545.895075
395.571479,177,546.146451
362.963885,156,546.368273
307.807121,141,546.569084
409.66646,168,546.807717
355.219995,152,547.024203
389.399323,169,547.266939
394.882963,176,547.520114
482.066091,202,547.808635
360.826882,165,548.043484
360.501146,183,548.304617
373.444803,160,548.536624
386.979404,182,550.699952
433.168854,176,550.949819
413.672016,189,551.2188
360.959362,166,551.455103
350.816196,173,551.701452
362.321556,165,551.936468
345.940459,159,552.162863
350.698819,152,552.377935
384.33268,166,552.615244
428.997971,209,552.912192
465.099737,210,553.211691
385.811751,166,555.372735
447.207886,193,555.647021
377.708897,176,555.896627
367.095033,164,556.130003
417.767406,184,556.391839
342.650809,169,556.632391
384.219442,170,556.873848
383.729554,170,557.115114
424.883968,191,557.387004
387.606014,176,557.64197
395.150692,176,557.893922
331.542836,145,558.10101
323.788061,143,560.205167
523.312417,233,560.538074
431.859391,185,560.802108
382.8097,164,561.034817
395.255574,160,561.262947
377.420816,177,561.514895
386.699983,164,561.748773
379.706273,185,562.01299
471.664548,202,562.300803
458.728301,214,562.60632
376.706968,170,562.8489
421.819903,176,564.994263
343.671871,148,565.204127
427.758228,196,565.484113
409.283166,180,565.739782
347.956347,172,565.98491
480.179639,206,566.277426
455.113788,197,566.558327
478.557794,245,566.908132
380.247428,168,567.147002
415.184953,186,567.411789
391.19897,180,567.668436
396.848871,173,569.819614
513.683946,224,570.13681
354.229676,166,570.371512
448.855838,204,570.661093
481.68638,219,570.972806
473.759623,244,571.320692
432.919485,187,571.586392
389.939023,184,571.848868
413.522833,199,572.131808
497.047232,240,572.475182
360.489745,178,574.643103
433.502812,197,574.92161
401.296171,169,575.161086
394.876361,159,575.386708
463.719882,190,575.656295
474.759028,200,575.940501
458.619302,217,576.249195
372.788415,173,576.494174
396.692888,185,576.757381
480.169374,177,577.007902
348.248955,153,577.226279
395.208102,168,577.469903
422.669965,182,579.682579
493.091069,208,579.977771
468.567659,226,580.298244
427.111189,173,580.54443
374.524903,179,580.79868
397.781144,170,581.040528
405.460601,183,581.301165
490.960334,222,581.616066
433.913276,192,581.88926
406.303169,175,582.138145
382.721436,163,584.271418
416.962776,173,584.515809
446.275723,188,584.781809
348.897207,156,585.003265
493.800407,199,585.285399
427.231823,182,585.54335
392.60118,168,585.781979
397.575457,174,586.028816
346.444662,151,586.243241
388.628329,172,586.487212
435.275043,179,586.742608
421.248291,174,586.989297
383.400491,172,589.132446
341.232249,148,589.341712
391.309296,171,589.58477
369.162062,165,589.81848
400.856444,177,590.071556
357.55944,157,590.294352
481.892249,198,590.57634
434.42281,180,590.83168
416.068363,183,591.091732
424.712251,189,591.359931
440.474989,194,591.636217
436.159664,178,591.890402
450.60525,196,594.075164
462.771223,202,594.362324
341.371374,163,594.593718
461.934282,206,594.885168
477.462143,187,595.150354
402.965128,167,595.387718
423.377128,199,595.669937
375.751338,179,595.924533
445.482022,188,596.192039
390.710584,169,596.432095
432.728116,178,596.685498
417.544356,194,598.866276
463.994148,207,599.160069
459.515768,203,599.449496
439.864723,187,599.715047
466.790528,197,599.994971
347.875076,149,600.206204
411.179485,184,600.467915
391.960872,174,600.715567
369.097211,165,600.950422
465.080876,193,601.224813
492.862004,206,601.519019
403.150112,183,603.716925
472.874903,204,604.007041
407.974959,185,604.269668
494.337403,210,604.567549
461.867173,191,604.838663
488.29379,213,605.141916
417.741927,216,605.449876
357.647719,154,605.668519
416.308344,183,605.928821
414.443447,172,606.173
417.609672,188,606.445628
437.013785,188,608.605474
406.403135,164,608.838694
379.824052,191,609.112036
460.866388,199,609.396283
507.001073,220,609.708974
495.060511,209,610.006354
448.453824,193,610.280504
542.997283,213,610.582953
425.552138,186,610.847833
387.146438,171,611.090271
480.398194,224,613.316911
459.780316,208,613.612231
387.949945,188,613.879276
478.729445,215,614.185273
381.97793,170,614.426533
448.759912,207,614.721123
384.411235,168,614.959064
486.932673,261,615.331372
368.551792,150,615.542256
489.396591,209,615.836391
373.287536,171,617.997423
481.347358,219,618.307343
447.638555,188,618.572841
444.099582,174,618.818437
458.54409,190,619.08709
439.821019,184,619.349276
495.291349,203,619.639604
393.885047,167,619.876123
451.602644,186,620.139352
424.593947,185,620.402084
496.943374,216,620.708633
446.563156,193,622.873886
387.40695,163,623.104529
360.138574,158,623.328588
476.491509,198,623.608654
437.197199,173,623.854995
422.097187,175,624.101851
464.771956,215,624.407007
424.964675,176,624.657633
435.713632,177,624.908474
391.785062,178,625.16082
375.858891,167,625.398391
398.33053,185,625.664412
503.168633,225,627.876132
447.211652,208,628.172261
495.497014,222,628.487097
402.392201,178,628.739515
580.473529,404,629.314888
388.549482,158,629.538345
421.781634,176,629.792278
498.753076,221,630.108085
374.529691,161,630.337075
481.437723,199,632.533338
388.502484,175,632.781858
529.190508,267,633.16038
395.30034,155,633.380044
336.20988,145,633.58555
495.700669,196,633.864161
429.296692,173,634.109513
429.512357,205,634.400831
401.619433,190,634.670773
421.957035,192,634.942863
470.733239,192,635.216942
436.68065,182,637.373092
430.532675,202,637.659285
454.902033,198,637.939783
464.356978,189,638.206747
405.044457,176,638.456228
459.967217,189,638.724165
399.879104,164,638.956555
383.599819,164,639.189735
515.974603,229,639.514745
476.025805,211,639.813809
410.690696,184,640.081072
435.507571,173,642.221618
377.912748,158,642.44545
319.228035,135,642.63563
485.336643,211,642.936301
357.630358,154,643.153918
238.748317,120,643.324935
532.739535,228,643.648612
449.310107,191,643.919611
449.67652,182,644.177427
498.624169,199,644.460506
512.82052,236,644.794969
478.358738,222,647.051787
399.598838,167,647.287241
499.675712,216,647.592755
422.199275,189,647.860354
445.627964,193,648.133675
498.570582,216,648.439064
417.653115,181,648.696116
406.169124,167,648.933041
449.378075,177,649.183506
510.168112,221,649.497958
471.020377,194,649.778138
420.706853,199,651.986084
445.919762,197,652.265047
391.247133,179,652.519374
520.850671,210,652.817276
429.849209,168,653.054728
441.411084,183,653.313779
514.818276,218,653.622785
482.40914,211,653.922491
368.24539,162,654.152172
414.676698,178,654.405325
425.364059,182,656.608683
395.657577,174,656.854283
456.630047,188,657.120283
434.52275,176,657.369789
497.898491,213,657.672781
427.45865,198,657.953286
406.400164,175,658.201959
408.927948,196,658.481422
464.377273,187,658.745993
453.150852,186,659.009765
499.834664,205,659.300436
478.630982,199,661.500916
469.933605,198,661.781409
422.830993,178,662.0334
485.65088,196,662.310958
425.513751,188,662.577501
480.709828,208,662.872371
418.01854,197,663.151571
466.070122,186,663.414428
434.530568,181,663.670382
457.657212,198,663.951755
420.573931,182,664.211894
466.237588,208,666.413527
445.538997,187,666.679476
456.976655,188,666.946373
413.93993,171,667.189604
494.933494,203,667.477666
554.649041,217,667.786061
419.095218,171,668.028729
471.884077,208,668.326013
434.970665,162,668.555139
423.785183,169,668.794461
421.082558,182,669.056256
505.172922,208,671.271445
446.88782,173,671.51619
489.893471,209,671.812155
467.459315,198,672.094345
417.671032,168,672.332425
444.109217,191,672.602774
443.499642,185,672.864664
396.546092,168,673.103672
432.485652,171,673.346802
375.059139,170,673.587086
432.915779,190,673.860051
475.771487,205,676.05327
470.431904,183,676.31134
431.257957,173,676.554909
505.546456,214,676.857827
414.99254,164,677.088751
421.199848,164,677.321221
489.299682,218,677.629211
564.13148,209,677.925563
422.868597,180,678.18072
381.826125,165,678.414134
425.51354,171,678.66047
434.457822,170,680.851954
352.176987,151,681.066023
375.483405,156,681.292658
400.574095,173,681.542749
381.31774,155,681.763649
489.52471,198,682.045475
509.318526,194,682.322117
432.918738,190,682.592272
408.988671,176,682.844064
428.536838,178,683.096929
464.112789,205,683.389341
453.422022,191,685.565849
460.453161,186,685.828994
434.782873,173,686.074605
489.758775,192,686.346728
397.306307,162,686.575638
474.595377,210,686.873135
510.926656,216,687.179673
422.204894,173,687.424237
449.426476,184,687.683704
404.3698,183,687.943515
397.554183,168,688.182
391.894198,158,688.410741
352.661143,174,690.556591
429.926095,175,690.804866
574.585477,215,691.108392
485.963472,199,691.392131
498.407241,197,691.674456
465.258912,197,691.954138
462.760024,175,692.201921
436.393912,175,692.448895
440.023365,201,692.73379
424.749499,190,693.003066
437.146126,195,695.178705
419.776211,196,695.455318
471.79119,205,695.745815
483.982691,208,696.040634
475.664309,216,696.34645
412.793949,168,696.584719
439.123187,183,696.844554
453.050882,181,697.10008
401.62013,178,697.353327
457.329249,179,697.606758
495.559809,191,697.877842
464.199195,206,700.069462
512.473015,216,700.375252
393.899126,169,700.61399
444.598478,198,700.894133
431.191286,184,701.153617
453.568753,180,701.408397
478.867591,183,701.667717
497.85299,209,701.967389
403.159297,189,702.234996
505.265215,199,702.517506
476.524337,192,702.794251
399.236553,164,704.922794
361.996074,162,705.152225
483.652703,193,705.425348
494.162287,201,705.709908
390.671708,163,705.942023
402.77706,179,706.196125
483.187322,205,706.486091
394.40478,158,706.709137
407.105803,179,706.962921
434.20617,175,707.212231
479.587894,201,707.498074
472.824271,181,709.654619
487.847459,201,709.939219
449.043511,193,710.215261
479.068607,197,710.495224
507.865943,211,710.796897
397.960272,159,711.02277
478.111828,197,711.302969
456.597329,191,711.57432
471.85818,210,711.873798
445.198746,178,712.129187
473.341135,202,712.426139
493.920263,207,714.633136
353.538935,160,714.860086
549.868057,209,715.154612
475.968795,196,715.431216
689.041548,264,715.80531
422.820253,184,716.065152
444.23804,177,716.315386
451.470532,179,716.568436
452.888855,176,716.818777
493.521794,203,717.106591
514.536102,218,719.311777
443.712188,180,719.566586
479.382151,196,719.843808
498.541906,222,720.159435
520.299574,202,720.445378
428.875304,177,720.696022
409.490498,176,720.946976
459.599771,185,721.21003
385.333154,164,721.442566
365.379662,157,721.666222
452.776063,179,721.921463
503.116872,203,724.123293
365.448955,162,724.353295
492.474576,201,724.63886
434.736795,188,724.906008
499.828624,196,725.185457
506.788309,214,725.490527
466.364703,184,725.752782
419.114452,181,726.009807
404.731532,177,726.261922
499.690409,225,726.582424
531.840052,217,726.895849
426.286238,188,729.106169
393.624145,180,729.362382
486.637572,192,729.636085
525.076761,209,729.932789
447.503828,195,730.211011
412.624129,167,730.448259
520.471202,224,730.767743
429.85648,178,731.020952
547.358183,235,731.355796
425.196997,166,731.592318
473.393752,199,733.805434
465.999143,201,734.090582
436.82524,194,734.367969
395.111479,165,734.602701
819.286224,269,734.984856
517.007955,219,735.296643
413.558695,171,735.539792
367.644062,159,735.764649
411.641518,172,736.006842
427.049848,187,736.272088
470.858996,190,736.543812
426.939839,179,738.699046
516.287408,229,739.024013
495.75168,212,739.325678
452.807927,207,739.619837
469.874619,200,739.903935
357.860102,143,740.107408
405.532935,170,740.34913
441.6382,169,740.58896
476.504488,194,740.864953
701.921714,248,741.217557
527.051301,202,743.423113
426.212772,166,743.658508
428.113763,168,743.897043
442.086684,208,744.193294
482.341403,196,744.472507
616.134537,237,744.81024
434.213172,174,745.057267
750.382107,264,745.433769
574.988244,242,745.778012
800.164173,275,746.170351
490.509954,189,748.349188
688.95924,244,748.695674
514.921435,208,748.991587
517.033442,214,749.296904
468.510535,194,749.573021
430.682206,180,749.829634
649.153095,270,750.213647
434.415773,191,750.486592
489.224039,198,750.768664
485.409227,199,751.055043
507.345615,215,753.263299
487.576585,195,753.546473
517.050422,218,753.858864
469.513616,195,754.137064
379.943984,174,754.385466
803.953885,276,754.778557
458.770047,186,755.04322
490.521045,197,755.324008
540.967709,211,755.624425
551.183581,243,757.936537
794.074811,281,758.335417
489.073267,193,758.609695
444.861957,186,758.873402
389.658081,169,759.114817
522.360294,203,759.40323
421.362509,184,759.666131
519.602433,210,759.964941
513.03557,215,760.272157
456.690691,196,760.550695
535.333901,218,762.767816
434.500029,187,763.03286
424.330252,172,763.278267
423.280257,184,763.539532
775.302158,284,763.949329
451.69709,186,764.213453
610.053545,233,764.544402
1005.299291,1000,767.886278
623.661271,223,768.202678
589.146852,239,768.542436
676.999132,239,768.881358
347.330104,150,769.095595
539.320949,217,769.404606
470.231631,190,769.674882
474.962569,189,769.944213
457.449578,212,770.245663
450.962987,182,772.430224
679.251685,253,772.788484
405.955691,179,773.042807
419.78022,187,773.308525
529.307353,204,773.599403
643.937713,227,773.922405
716.05366,260,774.297045
488.123346,192,774.570936
718.523835,266,774.949008
425.628285,182,775.208395
489.295297,203,777.406165
458.493103,195,777.682791
745.276575,244,778.028965
586.44572,227,778.351169
467.354048,204,778.64095
666.437482,241,778.98366
708.806789,271,779.369209
418.482063,180,779.624811
414.166468,187,779.892581
411.33263,175,782.051237
486.764134,202,782.338543
493.550316,228,782.662513
498.268712,193,782.936832
567.131836,222,783.252844
597.06213,242,783.597873
461.462027,206,783.891595
697.242992,238,784.230769
820.912471,270,784.619292
626.311837,238,786.885527
543.235608,227,787.208557
504.174827,205,787.499832
402.190852,171,787.742683
398.036432,178,787.996462
446.312907,182,788.255747
507.986008,216,788.564303
481.906342,190,788.834975
698.656265,245,789.183298
705.918991,258,789.550927
511.059289,208,791.768253
867.259893,291,792.181882
577.479279,220,792.493573
366.989001,164,792.727087
470.514875,223,793.044788
479.084745,194,793.321579
407.264854,183,793.582819
533.028608,215,793.889269
390.435923,170,794.131465
519.963709,199,794.415036
832.679798,288,796.763564
602.545634,222,797.077784
563.143376,218,797.386241
413.628039,169,797.625872
465.509387,211,797.925189
789.269037,288,798.333485
890.387981,289,798.743446
524.465896,230,799.070701
740.008586,271,799.456878
462.799876,203,801.663025
370.819835,158,801.886298
403.030985,165,802.120162
479.703747,194,802.394878
429.553321,179,802.64998
524.293643,246,803.000704
825.085505,298,803.424325
555.740488,204,803.713381
595.34816,228,804.038149
577.572561,218,806.293347
1043.438535,380,806.833376
456.182589,177,807.08519
592.735577,225,807.405036
403.216727,179,807.659423
455.455653,185,807.922779
890.624808,298,808.346849
833.825549,301,808.775043
554.979039,237,809.113852
521.102772,195,811.326984
401.891307,168,811.56578
606.092798,204,811.854956
794.66856,288,812.264807
502.374392,205,812.556079
564.517079,217,812.86523
712.068156,256,813.228863
641.670135,217,813.536808
662.394044,262,813.909377
571.924351,216,816.142885
713.130874,268,816.521106
454.129802,177,816.770934
725.300776,257,817.134826
636.977145,221,817.447982
604.092232,218,817.755791
630.905494,232,818.084332
571.043512,223,818.399963
782.356821,270,818.784186
819.393794,287,821.112163
813.102712,285,821.515997
649.06413,227,821.837665
812.481416,277,822.230548
756.183659,262,822.602478
553.373849,225,822.922069
1014.151654,331,823.391839
634.801687,210,825.617044
651.59645,225,825.936144
668.443159,223,826.251888
834.616301,279,826.647492
780.392733,280,827.044473
864.267631,294,827.460432
404.092468,174,827.706944
566.211522,213,828.008295
697.328783,235,828.341333
811.369465,267,830.626986
865.146297,307,831.061359
667.270073,227,831.381718
840.019626,287,831.789075
685.961675,244,832.133882
470.053756,184,832.394465
661.771365,234,832.726226
544.992756,203,833.013878
647.625624,249,835.274056
811.838182,276,835.664145
765.568088,271,836.050842
790.561335,280,836.448059
666.905912,234,836.779072
1014.145139,320,837.231706
455.635647,185,837.492875
617.493122,255,837.853974
833.834153,287,840.169545
631.624601,226,840.488199
932.232604,335,840.963258
739.678327,264,841.337198
886.333448,294,841.753779
736.863367,260,842.121939
602.896756,222,842.435285
671.906487,240,842.775622
440.923929,198,844.9736
928.095926,329,845.437608
567.445383,209,845.734099
551.177177,210,846.031934
595.983911,227,846.357321
678.452704,240,846.697361
525.750119,194,846.972322
884.565185,299,847.396232
496.102566,198,847.677882
534.410725,239,849.930044
466.585752,176,850.178197
697.702592,259,850.544835
873.865382,335,851.020986
588.876748,227,851.342805
520.22397,250,851.697671
364.893763,159,851.923217
923.055501,1000,855.253659
820.300946,276,855.644166
809.892079,276,856.031482
1136.642019,370,856.555699
903.506801,323,857.009803
895.581964,301,859.339665
785.348308,258,859.705171
491.443998,205,859.99531
791.209794,276,860.387161
546.433057,224,860.705431
1282.310532,409,861.28596
699.692235,279,861.682612
762.215651,263,862.055149
954.328007,322,864.424011
559.685023,224,864.740588
1170.867027,383,865.28326
442.653486,180,865.538513
882.796186,326,866.00119
763.561791,263,866.374464
871.139389,299,866.802335
606.979861,233,869.100496
837.169979,292,869.5141
560.941455,216,869.821689
868.601222,308,870.258536
913.69282,299,870.681835
1196.774335,414,871.270352
799.568309,309,871.711285
479.195673,192,873.915205
612.412318,238,874.25517
1244.563127,402,874.831877
428.679744,183,875.096332
455.655183,194,875.375047
722.352804,251,875.736041
1130.602629,356,876.247436
759.99205,255,876.613665
974.445915,325,879.009135
955.397504,319,879.467218
745.54121,264,879.843583
734.065944,295,880.265133
824.151214,275,880.658955
899.873508,332,881.134027
763.12091,284,881.541302
1000.191006,331,883.936689
489.117231,214,884.243798
795.147432,293,884.663323
791.015489,268,885.046334
555.315444,229,885.374915
514.232116,200,885.661692
753.963074,276,886.05666
881.551074,338,888.496418
1245.718422,422,889.098967
515.664598,209,889.39988
1235.837032,396,889.966763
402.758875,175,890.217649
863.297141,294,890.641324
1031.10407,380,891.185659
860.56387,313,893.529173
503.857359,219,893.839391
758.623961,314,894.286287
517.533599,212,894.587067
456.025674,185,894.849812
519.274673,203,895.138812
939.801419,320,895.594102
828.77165,282,895.994948
713.87284,267,898.280001
970.360342,335,898.755968
533.139402,223,899.073254
641.109237,250,899.429319
697.164348,260,899.800314
497.271821,199,900.083735
792.52673,294,900.501743
815.198496,287,900.911181
625.600275,260,903.215891
368.036396,168,903.45355
885.257237,303,903.882907
556.484024,243,904.226677
967.316318,357,904.732261
844.173053,308,905.168683
668.671214,248,905.52002
741.692658,253,908.051285
741.018352,277,908.444422
849.9756,312,908.887274
784.841942,287,909.293661
505.685525,201,909.578477
884.333448,317,910.029326
767.170165,284,910.431969
718.202823,270,910.817346
1295.186289,461,913.366599
1439.554563,475,914.041692
782.543996,294,914.460095
698.030517,252,914.818428
604.268281,250,915.173066
1232.764054,426,917.68707
934.338052,318,918.134908
532.659528,215,918.445642
768.320375,289,918.853268
1088.41704,365,919.367925
1031.664583,376,919.899356
721.762179,268,920.277987
1317.778798,428,923.072699
1095.39945,361,923.585603
1089.803194,367,924.10577
939.009436,332,924.57692
1208.723808,386,925.126572
1107.826154,379,927.816924
918.069357,1000,929.316603
905.890036,334,929.790516
704.894918,267,930.169254
952.313889,329,930.637131
903.061755,330,933.00667
1125.097935,376,933.538983
480.528568,196,933.816443
641.99403,246,934.16452
685.535072,256,934.527018
1371.27777,427,935.132149
913.716056,343,937.52002
821.407401,291,937.932841
381.079278,178,938.18619
796.200839,294,938.603533
1502.361209,474,939.278785
1043.763973,341,939.762316
1097.38935,334,940.236453
422.998258,183,942.392383
1139.891879,395,942.950801
818.340907,268,943.33024
765.903984,278,943.722673
399.99491,195,943.999271
1187.486859,403,944.569392
758.626745,287,944.975586
1052.314702,366,947.39239
1053.676032,376,947.922652
550.218652,229,948.24679
1057.109946,357,948.750693
746.44194,273,949.137669
1087.507422,395,949.701427
873.404335,278,952.005444
1412.011302,433,952.617693
787.735165,288,953.02475
1417.212329,550,953.803736
932.795894,330,954.270947
959.973107,341,956.660511
606.286555,254,957.01938
1077.140851,380,957.557033
924.281867,333,958.026905
854.178532,356,958.530568
594.645319,264,958.903814
629.032071,253,959.261511
1091.164392,350,961.842705
773.784989,270,962.225009
1107.193972,355,962.727741
1050.552524,354,963.231241
665.869157,263,963.604717
1587.658553,543,964.375998
898.921459,323,966.868972
1350.811241,485,967.557075
742.023462,288,967.967416
1184.025586,454,968.613806
806.711562,304,969.046451
668.524234,280,969.449447
1180.958447,531,972.107966
1153.723539,415,972.696585
1042.053108,396,973.258661
485.04126,206,973.550199
469.90708,205,973.842427
1893.708959,626,976.688845
822.686301,360,977.199291
2228.893782,816,978.356317
1181.108261,360,978.866581
410.293578,180,979.125513
1263.46683,421,981.623518
1189.368679,409,982.204683
680.647829,268,982.585295
1044.478902,388,983.137257
992.118152,363,983.653533
897.883158,325,986.024782
1079.427383,391,986.577578
698.227853,253,986.936576
991.530352,359,987.445073
763.952358,367,987.965259
450.811183,233,988.295333
1818.664586,579,991.029783
1481.455176,492,991.727988
609.486051,268,992.109425
1053.045892,394,992.669462
948.731426,335,993.144525
719.17865,268,993.525992
2628.298464,857,996.636407
1030.977713,379,997.17459
858.091328,309,997.613649
465.837319,194,997.889312
863.313537,306,998.324151
2105.730364,919,1001.55093
1253.23085,1000,1002.98092
826.894364,305,1005.309454
1113.636463,400,1005.876068
1793.60429,669,1006.826226
706.586741,301,1007.253391
1685.293758,612,1010.013068
721.161558,272,1010.399452
1063.209513,361,1010.912254
2243.602639,812,1012.072381
1006.578422,365,1012.591183
1318.549401,443,1015.11311
1510.550087,540,1015.879505
1410.541571,492,1016.577133
1224.68084,414,1017.165326
776.13129,302,1017.594396
988.106593,381,1020.026369
947.382198,364,1020.544062
1688.08565,531,1021.297813
1759.340863,665,1022.246813
958.772463,350,1024.692992
1045.250266,359,1025.202899
1522.264248,549,1025.982933
1023.52143,360,1026.495804
1142.68567,420,1027.094709
1230.2211,426,1029.597215
1173.073696,381,1030.136655
943.171641,334,1030.608952
1608.56498,551,1031.390662
401.252887,189,1031.660911
1331.503227,444,1034.190981
1721.255048,609,1035.051965
1213.327382,393,1035.609066
1152.216431,384,1036.152591
1025.167799,365,1036.665995
1148.384454,368,1039.124158
1021.380499,391,1039.678188
856.56957,318,1040.128238
1124.817852,409,1040.707044
1126.489725,428,1041.314792
983.973154,356,1043.719804
631.358877,267,1044.096523
1691.044061,629,1044.983094
1105.381511,429,1045.589639
910.22881,331,1046.05821
715.254727,281,1046.456488
1472.716844,538,1049.108615
979.948158,366,1049.626437
639.767098,270,1050.010142
1022.25534,396,1050.571104
1492.057684,486,1051.261027
1540.455184,543,1053.971205
1761.653166,587,1054.801774
1124.639361,415,1055.389747
441.171523,195,1055.666187
1089.560471,410,1058.13683
2651.032997,1000,1059.554332
1580.328156,528,1060.301141
1401.646815,455,1060.946558
835.433955,311,1063.375447
1381.154512,493,1064.074969
831.325538,315,1064.52342
404.118092,175,1064.77116
983.362079,363,1065.287024
1274.132511,473,1067.939908
2678.992319,1000,1069.359974
1043.273147,414,1069.947877
2229.429129,798,1072.988755
1254.184659,1000,1074.416099
1037.80467,385,1074.961951
1421.299434,550,1077.717474
1530.559482,523,1078.459283
1431.048366,504,1079.175664
932.102339,336,1079.653673
1209.213415,464,1080.314197
2326.028725,755,1083.286863
867.430764,305,1083.722027
1752.230411,785,1084.836396
1980.863083,1000,1088.157608
1939.402019,886,1089.418682
1420.721289,458,1090.069162
2609.706441,862,1093.193322
1024.523224,384,1093.744576
1157.184192,448,1094.382467
1820.463412,675,1097.250733
1454.562326,500,1097.959677
785.783802,300,1098.385223
958.497546,369,1098.908708
582.021046,253,1099.268103
1198.182866,1000,1102.613646
2513.293823,950,1103.970365
917.936688,348,1104.46634
1047.454406,431,1106.98291
464.6401,223,1107.299448
434.839564,193,1107.573753
515.174327,225,1107.892904
2264.290391,785,1109.009265
1035.644602,416,1111.504863
405.434437,189,1111.77289
923.508773,381,1112.313908
970.500718,386,1112.862364
770.162066,331,1113.332803
2191.04009,1000,1116.654522
624.433399,262,1117.026658
1113.112449,419,1117.621487
2042.718751,669,1118.571939
2902.110674,1000,1121.90575
932.818897,371,1122.433136
698.893449,313,1122.878707
1268.421567,444,1123.509255
511.038845,220,1123.824995
1456.40601,570,1126.543979
1127.116248,476,1127.22062
1690.769843,1000,1128.645533
699.728229,271,1130.932081
1556.502414,576,1131.748399
1870.269283,1000,1133.17251
433.236977,189,1133.441713
1894.280593,1000,1136.810277
959.059698,407,1137.388365
1084.426419,385,1137.934741
1108.195497,427,1140.43096
2090.622782,707,1141.433968
1218.477419,460,1142.086983
1044.65231,400,1142.655806
1050.268378,378,1145.084428
1025.816979,392,1145.644833
430.789764,195,1145.92243
1400.533976,469,1146.589967
1373.631745,508,1147.311701
2071.11729,763,1150.473701
1353.520202,492,1151.170913
2618.767165,1000,1152.58875
421.367726,193,1152.86298
1137.434165,463,1155.448777
1655.38935,623,1156.33347
775.850294,352,1156.830219
788.689875,284,1157.230188
479.89114,200,1157.512742
1420.350911,518,1160.152275
1093.325168,386,1160.604578
1349.367577,495,1161.182661
934.69393,352,1161.594064
2877.119056,984,1164.426108
503.291304,237,1164.702392
708.459137,268,1165.014512
1015.944356,378,1165.455179
1355.95686,510,1166.052615
775.354216,314,1168.113033
1281.778301,467,1168.662388
1194.930851,438,1169.1778
952.130791,403,1169.654222
1606.052655,525,1170.273236
696.765649,289,1172.333769
1328.757072,1000,1173.515831
705.508121,275,1173.839166
2218.828246,784,1176.469872
811.549131,308,1176.833609
1797.973149,634,1177.580613
2340.419739,735,1178.444902
